-- Converted for PostgreSQL
DROP TABLE IF EXISTS "Transaction" CASCADE;
DROP TABLE IF EXISTS "User" CASCADE;
DROP TABLE IF EXISTS "Book" CASCADE;
DROP TABLE IF EXISTS "_prisma_migrations" CASCADE;
BEGIN;
CREATE TABLE IF NOT EXISTS "_prisma_migrations" (
    "id"                    TEXT PRIMARY KEY NOT NULL,
    "checksum"              TEXT NOT NULL,
    "finished_at"           TIMESTAMP,
    "migration_name"        TEXT NOT NULL,
    "logs"                  TEXT,
    "rolled_back_at"        TIMESTAMP,
    "started_at"            TIMESTAMP NOT NULL DEFAULT CURRENT_TIMESTAMP,
    "applied_steps_count"   INTEGER NOT NULL DEFAULT 0
);
INSERT INTO _prisma_migrations VALUES('d2daaa0d-20cf-4ae6-b32b-cd5d740c414e','8969eaa6fc2a79aef523f1f510b8debfb802fb5542ff83f8e009cb23f4fbff5f',TO_TIMESTAMP(1755811879078/1000.0),'20250821201921_init',NULL,NULL,TO_TIMESTAMP(1755811879076/1000.0),1);
INSERT INTO _prisma_migrations VALUES('dc90cd3f-fe74-4cf8-893f-a4cf15e33439','74b4fb17516ca6047448458261176e0c204ec65be589416f137339c980d9c8e2',TO_TIMESTAMP(1755811879079/1000.0),'20250821211215_add_user_contact_fields',NULL,NULL,TO_TIMESTAMP(1755811879078/1000.0),1);
INSERT INTO _prisma_migrations VALUES('17576748-574c-4ebf-af08-52a351616889','a17b89d6c2a3154f876a8b4186b25ee4a8149602d56a1985bd750fcf52931850',TO_TIMESTAMP(1755849603524/1000.0),'20250822080003_add_isbn_and_copies_to_book',NULL,NULL,TO_TIMESTAMP(1755849603522/1000.0),1);
INSERT INTO _prisma_migrations VALUES('f7cafe99-c766-4e37-a6ab-01ff767429d8','ce620f8e8d56d8ed0770b1c6d06f87fc30783cc46736f529ee0056b73e471c3e',TO_TIMESTAMP(1755936678690/1000.0),'20250823081118_add_cover_url_to_book',NULL,NULL,TO_TIMESTAMP(1755936678689/1000.0),1);
INSERT INTO _prisma_migrations VALUES('a5eec7d0-e53f-4d8d-99f0-196253f0f19c','8947902a28ddfd03f772f79dff3a5ea895df8418108fba88e7d6be576353ba1d',TO_TIMESTAMP(1756031670568/1000.0),'20250824103430_add_deadline_and_fine_to_transaction',NULL,NULL,TO_TIMESTAMP(1756031670566/1000.0),1);
INSERT INTO _prisma_migrations VALUES('8384f618-b3b1-4a9a-af8c-ab3202555821','a815638a0193dfdb34ca183afa29e748a838e5c6cbfc891e8d0c69bcd278b4e1',TO_TIMESTAMP(1756509811985/1000.0),'20250829232331_add_issue_model',NULL,NULL,TO_TIMESTAMP(1756509811984/1000.0),1);
INSERT INTO _prisma_migrations VALUES('23e635eb-ea92-4422-91ce-0613ef31de6f','a6a7856434368d03bca36eaaaf40834b065aecfb3e07bbfe99203b637ec4c541',TO_TIMESTAMP(1756510228497/1000.0),'20250829233028_add_return_model',NULL,NULL,TO_TIMESTAMP(1756510228496/1000.0),1);
INSERT INTO _prisma_migrations VALUES('23ea33cf-73dd-454c-8991-26bfbe2497d8','331a2de356536f5898ce25c1549d484db7e7b8088320964d1ad9eb31dc7c288a',TO_TIMESTAMP(1756665669595/1000.0),'20250831184109_remove_return_model',NULL,NULL,TO_TIMESTAMP(1756665669593/1000.0),1);
INSERT INTO _prisma_migrations VALUES('f090bef2-5087-4702-a3da-f440f4b20d1c','1631450d6789fe5a1d80b178c45c3b622e93f21fb6dc65563dae795c69522ef7',TO_TIMESTAMP(1756669864145/1000.0),'20250831195104_add_verified_field',NULL,NULL,TO_TIMESTAMP(1756669864143/1000.0),1);
INSERT INTO _prisma_migrations VALUES('2a2ab16b-e4dc-4009-b0bc-57e084ba1b8a','52119c6ff870d4f2f496254185e22bc7f4cc320f57350eadd8b3aece016b9dda',TO_TIMESTAMP(1756721810174/1000.0),'20250901101650_add_verification_token_fields',NULL,NULL,TO_TIMESTAMP(1756721810173/1000.0),1);
CREATE TABLE IF NOT EXISTS "Book" (
    "id" SERIAL PRIMARY KEY,
    "title" TEXT NOT NULL,
    "author" TEXT NOT NULL,
    "isbn" TEXT,
    "copies" INTEGER NOT NULL DEFAULT 1,
    "available" BOOLEAN NOT NULL DEFAULT TRUE,
    "coverUrl" TEXT
);
INSERT INTO "Book" VALUES(1,'1984','George Orwell',NULL,2,true,'https://i.etsystatic.com/31513412/r/il/455f92/4081428546/il_fullxfull.4081428546_dl25.jpg');
INSERT INTO "Book" VALUES(2,'The Hobbit','J.R.R. Tolkien',NULL,1,true,'https://www.thebookdesigner.com/wp-content/uploads/2023/12/The-Hobbit-Book-Cover-Minimalistic-Mountains.png');
INSERT INTO "Book" VALUES(3,'Clean Code','Robert C. Martin',NULL,3,true,'https://checkout.norli.no/media/catalog/product/cache/3adeb5fcf69340f7947f0b31e158309f/9/7/9780132350884_1_1.jpg');
INSERT INTO "Book" VALUES(4,'The Limits','Hari Sanjel',NULL,4,true,'https://s26162.pcdn.co/wp-content/uploads/2023/12/9780593448885.jpg');
INSERT INTO "Book" VALUES(5,'Cuju','Jaya','dsfs89fs7fs9f7sa',2,true,'https://encrypted-tbn0.gstatic.com/images?q=tbn:ANd9GcTyDDTWIWOdFWrsN6dqCD0QPGwxirZ5VTWgbw&s');
INSERT INTO "Book" VALUES(6,'Salto','Hridaya Sanjel','3242j3h4g32jh4g23jh4g',1,true,'https://marketplace.canva.com/EAGUhHGuQOg/1/0/1003w/canva-orange-and-blue-anime-cartoon-illustrative-novel-story-book-cover-WZE2VIj5AVQ.jpg');
INSERT INTO "Book" VALUES(7,'Java Learning','Hari Sanjel','67d8678d9',4,true,'https://images.cdn.europe-west1.gcp.commercetools.com/b0c1af64-23c6-499f-8892-0976d37c1c31/default-hcgBAUXa-medium.jpg');
INSERT INTO "Book" VALUES(8,'Mero Purano Book','Hari le Lekheko','4324hj2kjh',3,true,'data:image/jpeg;base64,/9j/4AAQSkZJRgABAQAAAQABAAD/2wCEAAkGBxITEhUTEhMVFRUVFRYXFRUVFRUWFRcXFhUWFhYVFRUYHSggGBolGxYVITEhJSkrLi4uFx8zODMsNygtLisBCgoKDg0OGxAQGi0lHSUtLS0rLS0tLy0tLS0tLS0tLS0tLS0tLS0tLS0tLS0tLS0tLS0tLS0tLS0tLS0tLS0tLf/AABEIAQMAwgMBIgACEQEDEQH/xAAcAAABBQEBAQAAAAAAAAAAAAADAAECBAUGBwj/xABDEAACAQMDAQYEBAMFBgUFAAABAhEAAyEEEjFBBQYTIlFhMnGBkQcjQqEUUsEzkrHR4SRicoKi8BWywtLxFkNTY3P/xAAaAQADAQEBAQAAAAAAAAAAAAAAAQIDBAUG/8QALBEAAgICAgECBQMFAQAAAAAAAAECEQMhEjEEQVETMmGBkTPB8EJxseHxIv/aAAwDAQACEQMRAD8A7V0qNsUcpigFK9JM8mhXLYqDJRSaQFUmJpAVt1JcYqU0zUyRE1IChzU7NJgiNw0ACDmrrW5qK2qEwcRrZiihJqu2KVtiDRQJ+4Z0iqzqZo1y5TgzQtA9goqLUVhQmWmhDq1TFBVKIRQwIsaYNTVBqYrCGnFDU0QGkMY1EinJp6QEKelT0CL2+nKzQmqSmoNhPaqVsTRVu+tQZOooGQNmoMtWUOKG4oTE0VXWkpzRGFRC1dmbQdHpFqDSJpUVZI25zTBKnbuVX114hZBA8yCTx5nVT/jRsKTJstMoiiqKky07FxAzQ3ajutD200xNELRqbmmuiKGGoF0SimipGoTQBA1IVFhUaYrJ0zNRNuKEwpDGmlTUqYrLhuTRAKDsoq1mbBAKkxofiGc0QgUADBqdRYU6tigAbikgpmNSWmSMVqJFSJpRQFDV5z337z3lvvp7chVNvhBJZdtyQxPE7enSvSVWvMfxIsgaokctZVm/4gdgP90LSbKSOu7k9pG/pgWJL23a28mSSIYEnrIYf94roGNct+H/AGf4enNzdPj3Dcjov6Y+eCfqK6qhA+wZNRBqRFDJqkQxXKgEogNMaBEDUQKdqdRTEMRUfD60UiosadgImok1EmmmigFFKmilQI2bdoRmq74NDW+aW6axSN2whSaY0UEDrTDJxRYUDamVaubAaH4ecUcg4lUijKuKcLBzxUgKdiSK7CpKKc1LZTsQkFeVfiA+7V3f922g6Hgp06dffn2n1cLXkfept1++fMfigFVGDtbyjngfEfSRxUtlxR2/cd50ig8qdp/uq0f9Vb6tXN/h0u6wy/7wPtlYx/d/aunZIpp6FJUwdRurUjSmqIYECnmpmoxTsmiBFNuorLQylFiocGm21EVKaYEGFICnY1GgB4pU8U1AFq5bHSgzUd9OM1BsFVqmEnirOk0YImletbWio5Kx8dWQUHmjWUnrU71wRVQXSOKOx9FwWxOae5ZHSqK3261ZssTSaaBNMC4FOtK4maJbtE1ViohdaAT6An7Ca8R7w6gm7dXzCAMN8TEuolsYHA9/pNezdrtts3CTHl2yMkbyEkD181eVdt2Vi43mMwSYUTPmUSRyDg+wwRiokzSCOk/C/VFhcnnagJzko1zI6cOBj05rtLtcd3BthGRV4Nm6vADbluISGg9ATk5IjpBPavbpwZGRbAbag1WCtBYVojNohTVOKiRTJokGpE0M04oCyEUoqRNQY0xDRSIpCpMaBEd1KmilQBfTSIxhWg9JpXOz3QbjVK3M1p297rDNxnJrB8k+9HanFra2BtXDIzRdQCc4odtM1a1d1SIjMfSi9kVorq849KddPJxS0tiTWi1sDNDlQKNlIaU9as2gAImh3NX6Cg29QQfWjbDSLD25obNGKL4knHpUXt9RS/uNr2MbvFeKWZECCWYmcKiliRHWdvy56V5br9PCm2QoOzdn4pRAfN+okvbxzH2r0Dvq8qy4lbcSYhfEPn5IBbYoMe/vXB9t2h8JLcOANkPtK3PMT195iMc4iJPZpBaN3uddi5pWAUBi6eUH4WRyC7cFiwxHIk+1ehu/pXl/Yd9FW1tuHel9XuIQREXYO1cAAKGzAI3AZ/T6iLcGrgZ5ED3Uy2+pqcc1G5WlmdAmoJolILVEgSppwaI1QNAiO2oOKnNImmJoGqGmom+oGgVDTSp5pUCNHTWSYO0fXrUL9zzew6f61oWPdR5fQ1XuhWbygg+/FcyezuktEQgjd06+1F/LK+9JCwWBBz0qOmt5yP8AOnYqI+NtUQMjrT6fUO0gfWp3tOQcZ9qaz5cxn96LVCp2NdEe30odlD61cW4T8XE4oV4qDimmJxEqkZnipXtYiiWYKPVjA/emgFs8e1cB+MfY2+1ZvG43h2yyG0DyWghhOMbSCTgAjiDMyZUY2Vu83eC0ZZrlvLllWR/NtU3CW5CAdMQBXH6jt+zvLNdDGf0KWG0SIAA4gnHHWJNZGn0NqGK2HO1ZzMySIXaqzmf+k1aGngHZpwfTcAp5wWDMYHtE1k5G6iBsdqWEYkC8+GAjyiWxJJMnr0/yr2PuR3tTtAOCjW7lrbvUxnduhlPzU15RqNHeVnAKqoY7YAXE4yEkYjma3fw6v+F2oqlpGqsMMfCbiec5+du5/eFVGeyZQVHrtwRQSDRr3MUBz0rdHKxEVBsUSDFQcZzTslgws0xqdyOBUWqrJoEwqFTJpgKYiBNRo22oxQKgdKp7aVFi4ltNSVyOatnUqymRBFUmA9Z+mKd0nKwPUZH1zXPo7aZa0+r24494mrjaldu7r7VlqRGSMUwJPFFIOTWjSN5XWOCPWlp4PJ+9Z8+uKOp9P9aKCyzeswQentTm0C0/tVfxjEGkCeaBaLrDqBXm/wCJOvYulwkfw6bkHU7p27jOFDOpUE4/L581dj2rrdiBQ4VnkKSR5QBL3P8AlH7lR1ril0Vm7e8K4PybdsEMMtczFoMxkA+Y46mOOkte/oUpVVLs847Z7TvW1CBoJYsW2rGz4UyZBJO8n0xk81kHX3Wwb9wk8BWIz6ALXTdsaNHNwWrk3lQbQV8gCBvIrTKsVAiVAnGNwo/Y/ZFvxWR91xhbcNdEjaARIHhqSxJlQZB8rdIqHSNIS5NJ+t9b6/n3MPV2X3I1wbt9u2DuB8p2LbJbEg7gCRxmtbufYd9TphZxdt3xdAdoBt8XskcbVGInJiaH27pktIEtqV2yLYJOCLjsXBLEn4iB67sgRFD7P1rWbiagDzKwaYIMkjyEZkklgZ9uuKSejXJFLr2Pfzc+poF0A1OxdR7aXE4dQw+RE1InGR8jXQmcLXuBK+hqLqaIU60lufKqJBIByakbc0NuaNbOKLFRWdKGUNWt4mo3H6U7E0ADUyiislDYVViojSp9opUWIsbjEcjpj/A0xX2rXNtAfhHzBNQu6cHAGOhNcayfQ9CWL6lBEtnklT0xIqdpVHUyOCOP3q5a0YEz5p46EfegINvlA+frTU7Dg0kQd93ME+vX70LNHaxnGPrmng8VSZlJN9jbpAgcDNSFyOY+Z6CsvvVrdTYtb9JZt3mUEujMVO0RJSPiIyYnpjOD5yvfTXa1Htr/AAtnysWDM6syggbbZElm5kYxS5Iagzre2b1ti19trOLbFLbfCtkTJZf0u0bt0SBAMZrnb1vw0/iLh2sSbzWgotm2AsBHVz8THYDgGJnJkY+q1Or3pbuXrFobAxe3ZFxFiNoUIpO7/dPPmk801jRtfl9Rr7loNyrWAzuJ+J4wP+HIEVDdmnFIGzN4lu2tgJd8TYEuXZaLu83SIQbCQHXc3wgmBOa7Xuh2dprk3dR4SHYjNu8OZuPcYqLjSR8KklSGMiT0rkLuh7PLE3tfquBkXFt7s5Zgw5M/vQGbsSfzhduwBtL3zhYET4bSSfYVK0Ekpdr9jrPxVfR3bNs2btjcjMCqMi7gY5gjEiZrz/QXlW03iN5gItQ9vw13QN0KGJIloiPi9TND1+o0TPc8BQttrSIqG3cuNbhkZWW4wJnEe4Y5qrutyNqX8JtxbG2AD6xQ2Wkd73a7+6fS2BYvb2KfBsE+WeDugjPz5Ndn3X7y2tdae5aVlCXCkNEmADOCcZI+leKXrjMCPBuwU2kFlQDkA9SCYEnk9a738ILxB1Nk2/D+C5G7cZMhjP1Wrxzd0ZZIKmz0SaTMKJQttdBy0TUCKG2KdqGZoAluFRmmg0xWmAn+9QcVIinYfWgQGKVS20qqyaN69qH2/Dj1xmhW3eJExNRfUsY/yFOL56fXj9q4T0bJLcceuait8Tlc/WTUTdPvPrS8Y/60JBYzt9Ke0CMzThycE/tWd212ymmTccsZ2IOWgSSfRR1P0ySBV2TRw/4m3L4vgWdQ6j+HlrYCEElrgESJk5+1cQ+gumZ1D/CII2rJYnc0gfCJH2NdX2q41BLPJuMAWcEgqQM+HghUEED/AIVJyc4mo06Wxcc3FEDeBBkFYBZUXJ/TOegkxAGbZaRnX+zlEhrt45UDz3GJWV3GByxmAPlQ/wDwrTkkgFtxUjnNtdk5JyTj1+IeorRAt3dxHikXDa6AAhhIibgCgAqSo5PrwHc6Zi4Z9xuESsIQdpIUGeuRA48owc7lsLRROj067vyf5WJhAAvlhZY+WYGTjn0MXX0aornYgCsGJLDbA2bVJQHHw5H0mRM717S7m3Mnmbc03rQ3bQY3CPNzAniARECj2tVYb4NjMSMi9vI3ZMhSCVHzx0xSsorXARP5YHF0xvaAAsAQIPwjHNOzeQNiGBdphQpUSsk5SdvBHrMcG3ddAMWU4nzllI2lAsYIJ8gEyP0n9IrPsdpXFcC/ZtW1aA9wKT5jIt2l2zvbduLE9WbjEoBt5YgbY3kbxG0qP/2Juke0THX0rc7gdqKmq3XpXejWwTlYZlZWYzAykAHKzn1OB2t2qbLm2LbsUj4XCYgfoCzESJH+MEUbneQkiLbsG4Bfr+oEAYP+Xzpp1tCatUfQbUM1yP4e95v4m14bzuQ7FY5DQoYqG/UQD7SPlnsCK6oytHHKLTBNQzRiKgwq0Q0CpNmnIpqoQjSxSpE0CG2+9KmpUAait+/v/jU+vT9q5nsTvfpNVc8K0535KhgRuA6j6ZiuhArjO+w85yM/1qLIOf2ioAVQ7Z7XWwoAU3Lrf2dpQSzZiSBwskCfeKBk+0daLZVFhrtzFtCYmOWc/pQck/QSSBXlvaeou3deUGo3SdpZkG0lRlUt/EomYz0+pv6vtO9qD/DW5GpvKX1DtbKNaC8qzPBtqsmANoE8uXk5FuwFZtPpru9GAR9qDdduNBuILhLTb2ptYCFILdJJGwSAo7u+JW0Dug3CxvQBFxdwhbcCRgbgeIg1ndqdr2rZBb81kJCwAY3DKlvhQ4MjJycRVztgWty2LmpFoiRdyo2LwF3iWeAAIWBwM5YN2V3Lu65SdIrjTWw3gm9cO0nacBY81xmyQpVFJYEmDuQzMW/qdQxS0hJKoHVBuI3gBNz+kTxFTsdiqm7xjtCRuJYKAT0j4iPeIrtO5nZ9qyj3E3AmEIaf0JKNBAIbw7izgf1N7XBS2/YpjkngxJgiY49f6VEs8ovijWHjRmlN/wCjzLt/smybfiacOt0XVtvZktuLztZMbpJHB5n74adkag8ae8REz4bxG7bMxxuxPrXXahmbVBbYMXNvhgCzClT4KBwx+As7zuhjKgRV5W19wk2rrtEHyG07HaVP5l3wtiXAhKGWJ/LYHyjNK/UzaSejluz+zO0LZhLeoSC3lI8srBYFGxIBBiJ6iu2u9xte6LdXUqrbA3hAMgBI3FSymJnrH7Csz+B1zMVa5grDf7RY4FxW2kKqiQTIUkbRMYkHYu92brBETV3JXcDJWAS5K7eoEQMfy8UpuvWjbDj53o891l+5cbwrqbr1slVJnxPLMpI+LMkSCZ+dEsaspCPBJ+Oc7PQFufmQeMdK6nv33fe1qv4tGXL22CjbvJWN77ZE5jjkn5msvtbclwXkBa3clldVI2lskNHOZwR7ZIoUlJWZTg4Oh+xtVcsSyl0TchIEHa6xtbAkAjrHpmvae7nbQ1NuTAuL8a+vTcPY/sfpPjnZ2ncfk3m8NLgBm6pkBRypP6o8oIMQ3sK1+xro0DtcDAWzJsXELtbYiPEtXVOTuHBGfIT8ri6MpRtHsDCoEVwXaf4r6ZUmxZuXXIGGi2gJ5G7JMewrLsfitdW5F/SKFIBHh3DuCsJU+byviOo/pW3NGHBnp5FMyisC/wB7LRspfsA3kb4gMOhhTtZf0mD+ogdZjNZdzvhdur4mls+REL3N7W2uTuXYFS2zYIMH03jg0+aQuLOy2CmKVid2u3ResPduXLcIYaMFSCQS4EgDiPbmrGu7etCxdu2WW61sL5A0eZxKKx/RPqeOtVyRLiaWylXkT96tSxLNZyTJhNbEnJjbciPlilU/FRXwmcv2brH01xblt9rKcGCD7gkHIxGZxXdd3/xI1IvodSbTWWhGjaCp6PjOckwPtXmQfiTExgCTVy2tqHdnfZJW2OGeOCTMKduTgge9cxvFtH0Y/b1l7atpitxrgbYCSiKFMNdusfgtqevXgSTXJ9r9rXLCqot+Pfv3FHiIC3i3CrBAgbaTbWTAVSsZ6kmn2Pt09hbtvUaYzbVij2yfBS3uGWLkswMgeSSeAJM80vberuakuT5wpQFdxuWhdMsilT/bOogwCVBIkRU7N3VFzXr4xa0Pzrt9v9rvFSnmUz/DWd2SqAHdc4AB+hNS4soNLpLHi3/OGfYQFC+WE8QQE8wO4x0JnyrVu7ffRW1KIh1N1SqqdreGA5ARV6AkdD5m58q7hDuT2XqNbfvpe2rp1YLqribt+oYEn+HDnIST54AMSMboDEXe63cy1rvCu3LbLo7cMocAXdVdiC7lSdtlcqACd2TJmvU9q21AUBQoAVVAAAHAAHAFGSAAqgAAAAAAAAYAA6CqeteTHp/8n+lVDbIm+MSmezrXh+HsG2PTOeTIzM5nmvNu+3ZV6y9mzaYtbvs8koWwgVvDbzKDunbE+bdAivUFNUu2NGt22VOGEm2wJBR9pCuCMgif3rWeOL3WzGGWUdXo887ud1fHe4XtDczbSCZhbfkLvcUAwXV4A+IC2V+BjXpOi7vWEA3KLjADLqu3Eny2h5VyWPE5Oas93+y00unt2VztVdzfzMAATPXj9qvlvasLOkioAwMVzXbnZRW4HtIGNwk5MBSIkz6GT/rXR3r6oNzEAYEn1JgAepJIAHUms3Uaklj+w9Kzy1x2a4JNT0cd3l7pXr9ktbuldSF324gDcoYeFHUFWYAzMngDnyvu7qvFS5YJCEhjbgEeG0HcokkxBPvE9TNfQF4MylbbQ5B2H0aDB+leGd7uybum7RtMI8XUC3cuIuAupcK11BnK72kEGIeOhqsaThonLanse7YW1aOnuXyptTdsOV8pOD4RGY3YAPEoJgCDldpdsuts2bZUW7yA3PKCzHduJYktw4ZRtiNvSa1u0luFluWJLQp2mJ2kFkMN1BBU+u0Vxd5WBIPIMQREEcyDVrZkySuBx/Qf0wfr/jU9QMjJIJIE84OSR0E/1oZRfp6EieOPlUnaOTzBA+mT9x60yS32brnsl9u4AgB9pMFQ0eYCQVn1xI5re0XbCpcF3TB7ZLFtjtKkGVKCOQdwMgQIauUu3pM8ScxEwefbqcV0HYKslpXutNsuVCfEQrbVd7a/pO5khhkFeDQKjqdL27ordo3fDVLu9t+mAcTlgEY+hUt8QyMT0rm+z2Nxgbtx1S5uWQ28ABCWlZg+XcYbmBHUhtXdF9y1osiIUVPE2B4aZBYQpAKkkEzkzOaNqnsKhtvDkDaLiHaYBME5yMtxkzmYik5JEaXZpWO0U2rNoAwMbwIxxG6lXLN4IMeGDHXe+ffmlS+J9BfkzFEdCCBORmemD9KPu3AblUwCB06yeK1lsWyzbg54zsBJyV3YER5Wzx06V0PZXd624xaMBZJdEUQepleMx9I5q+izlLd53K8BYBJgwCOCADk4EVoDt59OyNahHXzfCsqSBE4yxwxJ67eCtdNq+668KbCwwAkEZMQIFsSece9Utf3ZUrunTSQCCfEOGfklbcsSXAk5yOgFFfQfIxOzu8N8OzC5Lum1nKqXRBy1t+UaDEqB0iOa63u3+Ja6XT27Fuxb2KhMDduLbyCWzkkCekCKwP8A6c2ztuWDIYMALx8yIPKALZn8wg/bHShN3NvbfisTuec3OgUx/Z4PxGKONic2j0Rfxk0xgGy6kj4pBUMADBHMTIx6V0XdDte5q9Ha1F0qXc3QSilFIS69sEKTIkKMV4tf7s3AX81kRu2iXxDLz5OisPvXsP4d6Zk7OtI5VirXQChJX+2uYkgdZH0qoxpkSk2tnQ2BMj60O9rLSgg3En03SR84yKhq7AZSCMEQQa4y8BYYoeORjpU5csoLSNfG8eOaTTdHU9kdtoiai7fvKqC8wVS5Z0VNtpgUBJANwMQAJhhPtf0vePS3LNy/bvBrdoMbjAOCoVd7HaQGIj0Hr6V4j3l7OvePcZATauTcw0LvKEZz8W6T9axRpbiJLqfiIMspJXYMcmP1dOlJbVoUpOEuMl0e+d59Nev27lq3f8CVtlLiqS6ncGduRysARBGTOcVrl7aoBYkgAbjySBEmOprne7Ggt/w1g+JvZCLxXfuCu9nw8jniSAerGl25rWC7bdy3buXHW3ba7Ph72OAYBzAaMRIE1hnuUo40dnipKMski33zQjRrdN+9a/OtyLClrtxSYFpBuWCSQcmPKOa438Wdeuq/ORdjafVXdOkEA3EVQWug8yHtMB7R1r1XUdp+HqbWm8K4y3Ed/FUeRdmQp98euCV9cecfiTobpuaZGs2kAe7c2ofKFcad7hY4ybvjZ64rrUOONROKWXlNyZldqdoWbNy1qPytSpWdTbBBAN5GN1TEQ28XGA/3gPeuS7Q0tsSltHuhtzC6Cw8pkp5RKmBBJPOR6Guh0Hdq4LepDAuVUFVSG3MociMzPSIzNdHZ8XYtm1pLrbERVLXAAVAKzHiR0496x407G8mjyvWadhAiCsAiesDP1Mn61VuZVf8AmU/Q7v8A1V2XbNgW2Kvp9twOFKhmPxKt1SMnkMeP2NZXaHZ94wVsXBuCkflviFKEHHUqD9qqiYyZnXUe5atxb/sgyytqNwLFtzuB5yJIk8ADoMT0vabWkNvYrAqdpYQyMci5bYQwIwYmK3tBcu2HK+Dc2m4GB23YCGMQPaPtQNRpUutLWLttzuDbEbZMHzbW9/QgUqobmZuj1j3NxdpUGdsBVLMScAQOScf5VXe8CYwInp06CRz/AKVNdI0EbW4JEowyM/4TQHsHMA4g8H1jr8xSrdk9smmvwOeOkR9Keqnhmmp0VxR7pa7PtDd5QZG0DOFHCmSZGBxHX1o9uygADCZ5gQTtyPXgt7/SugAXoif3VqK3DmBEtAgAfDn+hrZUZNyf/DCOmBkgDfJYHZIBPt1PGZFEWwAcJiFBG30zIPA/TiDxWy11+QY5b/L9qYK0wW6gcegmnYb/AIkYJ7PBXNtN84PguQAWBPlkZwsndyBinbQW9x/JAWJjwzu3tksSGjmJET71ui0T1PT/AKj86Y2D6/f5wKVoq39Pwc82hURFpZM7oVwCGYEwZO04k8zA4rruwdPssIoAAhjsgxDOzCNxJnOc/QVRGiJMDk/P1it7YQAJOAB7YprZMn7jEY9PlIrme8ujJhwcr9cH/v8AeumLev3z+/8AnVHXJIyPbn156UskOUaKw5OE1I5G5aVgu9SRIBCkgyTyIIz/AJmiXtCm10Fm4N/JDAjiAP7Sf++k0XWadrblT8SwQehHII+1bFtAyC4OCJ/0P1xXL48qTi/Q7vMjcozj6lJbKhIVdgIyJ83yLTJjjnpVy33at3EsSdpt3UvfBbfcVHwnxFaOTkQar3pwozlR9yBP70Xs+92gNQq3Et+Af4jcVI3KFYjTxmTK7Tx+ppiAKrxYucpTJ8uXCEcaFrO9Ni2De8VVtC49l1cOWZ7dw23CKOANytuGYBx1FG92eqJas7GIs21QPvYltqLtYFQM7dvA6ginttou1NKGuW/AZrl+1bVyA4vsjBjtBG9480HMr7UTu9pLCWzbsX2vblt6mWBB2X7aorgsOGay5K8gnNdkopI4Yt2VhbWSdriI/Vc5BJE4zkzFWNIgUrg8cy0R5R1ArU2n0/w/pQ7jT8Sn1yDyOP3/AM6zTobVnO9s6Gx4wvPZZ2G1gwJiVDAArtIODHvPtVXsC7ZvFfKybg0KGZdpB4G0jiCMV1VtDweCB0+f26UPUdmB+kH+YQCPrUTVsqDpHOtpLa3Rb3XcqGnxrh5+KfNEglR96s2uzt0g3bpAA/WRA+YoWt7uXjeF4NuIUoRBEgtIMbtuIHpVTQa3VWTda7YeBtC+RvMC0OcTBEqcE4Bycxi0zSy4nYTb2HjXNsSsMZGRgzIPJzHr9DnsIifz7xx/MP8A21VbtO5uDLbuQIOQeogzjpJrQ/8AE2x+U/v5TRTGV/8Awcf/AJ7v3X/209L+JPQPHTyNx9qVTsNG2twno1DXcMRIEx5ip9eIOfrmj+IfWhvcb3P2rqTMGgSM28qABCqSTLR5jtGY52t9vejy/wDMvX9B6/8ANVa1aYFufMZ4iBtCgT9PuTRvDPr9v9ePtRYUEAP83XoAOPnNSE/zHp/J04/TURboipSso57vpr3tWAqM2640YMHaAScrHUifma5LSd5tVYPkvvj9LNvX+68j7Vr/AInSv8Of0zcz/crir14zyfua9bxIxeLaPL8nl8XTPR+z/wASrRAGotFW6taIIPuVJBH3Nah74aBxi+B7XEdf3iP3ryIXDByaBqrn7UT8WD60OGed0e+63RrftBl+IA7SZGRhlIORkRngisnsxSEIOFJDqCeJGR94P3rgfwj7X1V59crXmdmteIPEZiN+8gsOdshug9PSuxsasttLc4BAPXiPvXzvkOnr1PpPGVxafSNHakAu23dcshcxLeIGVR89v2rPtdv27N6ythvF0+qva17t9mJFtra7yqHgKNpicQMVctaFNTah+jqysOjAMA32Y/eg90+76J2c+kbBYXrd+CT+Yw2XCpPQjI+dejhjGMDzs0m5uy7oNTo+0VtXrDlhp7+9SoZCLqqT5lYAkEP9fWpdhWg5uH+G/hms3X0yYMXLFtt1sieUJuz7EGDk1z34Zd29T2f/ABX8QBsJTYVYNvFsXNzgcrIZcGDWv2mX1VuzdRmt2L2jvuxBIZC6WLtl/LncpRuM8xVyS6XRl6m0PpUxVfRJcW2gvENcCILhWYL7RvInJEzVkVyvR0IiY9B9qefb9ql9Kcn2oAHT1I0qAI0xqRpjQBHb8qVPT0E2jN2+ualHsBUsetIn3piGikKkKcUgEBRVFDp6BnIfinbB09oxkXCB8mUz/wCUV55aKlV3ScESDmQY64r0L8Tz/s9v/wDr/wCk/wClebWXBWPRj9jH+ter4n6a+55vkr/2GcqBjcPnFVribmVQZkgD6mKJdbp0mjdmpOpsDJm9aHry64rpk9MyxraNT8IR4PaV+yT/APavJ8yl1P6Bq9Bu9gbTaFuSXfa7QAFDMWLhTwQu4fT1p+ye6Gn0+ru6u2bhuXd8hiCq723vtAUcmOSYroVOa+flFS7Pex5pY3cTB7F7WUu4VlFlk0x07mQrXLzXlVc5JIRMcjNZfdvtjVaRtPpdbb33dZqL7NcDDyGEgQogmeQCIEfKrXdfRWNf2fY222sJY1CMibtzA2DEMSJyCwz6zWnoO0yNe2kdA35T6hLvJB8ZkZM8eVlyPcda7UlXRwtuwvdfti/fu6u3ftBPA1BS2QGG62Z2kycmADI/nGKvXbm26lkIBZ8FzgQo2tbQJjCja5x/lWiTxWBpeztS+lspqbn5yOWulf1L+au3HMo6/aelLTEzSW8jqly225HRWVs5WMH7VPdWF3U7Hu6WwLd15ZZQZwyIzbHA6SjoI6Fa2xXPkVSaOiHRLcactUZpTUFE5pppqUUwFNPNNTEmgQ9KofalQKygppwaelQIelNKlQBIipA0qVA0cD+KNwzZWcbWMe5aCfsBXnmn+Jvmv9aVKvV8f9KJ5+X55/b9ixe+I/OrvdUTrdPOfzk/ZgRSpVrl+VmeLtHt5oTsYJ9AaalXiHrGH2v2ldtdjtfttsulbLF1Cg7nNpWMREkGK2+7FwtbljJbcxPUktJ/+KVKu3+j7nH6mR3Vvue0O01LEhbmn2gkkD8u4MDpwPtXSdn3mZHLGYu3lHA8q3WVRj2ApUqU+/x/gozXvsdcyk+VdOCo9Czru/wFaQpUq5snzHRDojNSBpUqkaHtmacGlSpDEKQFKlTQmNNKlSoEf//Z');

CREATE TABLE IF NOT EXISTS "User" (
    "id" SERIAL PRIMARY KEY,
    "name" TEXT,
    "email" TEXT NOT NULL,
    "password" TEXT NOT NULL,
    "phone" TEXT,
    "city" TEXT,
    "postalCode" TEXT,
    "address" TEXT,
    "role" TEXT NOT NULL DEFAULT 'STUDENT',
    "verifiedUser" TEXT NOT NULL DEFAULT 'No',
    "verificationToken" TEXT,
    "verificationTokenExpires" TIMESTAMP
);
    INSERT INTO "User" VALUES(3,'Hari Sanjel','hari@gmail.com','$2a$12$dwAmC32yVx7TrX5wZ..ZJuzcfT1dIxmqZhkHWsfomtbdVw.QFIhLy','46344530','Oslo','0959','Ammerudhellinga 39','ADMIN','Yes',NULL,NULL);
    INSERT INTO "User" VALUES(4,'Hridaya Sanjel','hridaya@gmail.com','$2b$10$PZXljxiqLznwn63E/9YK0e/4o0lSAkk/3vjeVWRTem9lH1pZP0Pom','48923232','Oslo','0959','Ammerud','STUDENT','Yes',NULL,NULL);
    INSERT INTO "User" VALUES(11,'Jaya','jayasanjel@gmail.com','$2b$10$A6xqKimR/PXtKF5uAucniOeci2qZyp83bA2eHDxdxdfxpOFYIuvK2','09876543','oslo','7655','ammerudhellinge','STUDENT','Yes',NULL,NULL);
    
CREATE TABLE IF NOT EXISTS "Transaction" (
    "id" SERIAL PRIMARY KEY,
    "userId" INTEGER NOT NULL,
    "bookId" INTEGER NOT NULL,
    "returned" BOOLEAN NOT NULL DEFAULT FALSE,
    "createdAt" TIMESTAMP NOT NULL DEFAULT CURRENT_TIMESTAMP,
    "deadline" TIMESTAMP,
    "fine" INTEGER NOT NULL DEFAULT 0,
    "condition" TEXT,
    "returnNotes" TEXT,
    "returnedAt" TIMESTAMP,
    CONSTRAINT "Transaction_userId_fkey" FOREIGN KEY ("userId") REFERENCES "User" ("id") ON DELETE RESTRICT ON UPDATE CASCADE,
    CONSTRAINT "Transaction_bookId_fkey" FOREIGN KEY ("bookId") REFERENCES "Book" ("id") ON DELETE RESTRICT ON UPDATE CASCADE
);
INSERT INTO "Transaction" VALUES(25,4,8,TRUE,TO_TIMESTAMP(1756671003243/1000.0),TO_TIMESTAMP(1757880603242/1000.0),0,NULL,NULL,TO_TIMESTAMP(1761942931917/1000.0));
INSERT INTO "Transaction" VALUES(27,4,3,TRUE,TO_TIMESTAMP(1756671343582/1000.0),TO_TIMESTAMP(1759263343579/1000.0),0,NULL,NULL,TO_TIMESTAMP(1756672531917/1000.0));
INSERT INTO "Transaction" VALUES(28,4,8,TRUE,TO_TIMESTAMP(1756672123225/1000.0),TO_TIMESTAMP(1757881723225/1000.0),0,NULL,NULL,TO_TIMESTAMP(1756672251435/1000.0));
INSERT INTO "Transaction" VALUES(29,4,3,TRUE,TO_TIMESTAMP(1756671800047/1000.0),TO_TIMESTAMP(1759263800045/1000.0),0,NULL,NULL,NULL);
INSERT INTO "Transaction" VALUES(30,4,3,TRUE,TO_TIMESTAMP(1756672260909/1000.0),TO_TIMESTAMP(1759264260908/1000.0),0,NULL,NULL,TO_TIMESTAMP(1756672277082/1000.0));
INSERT INTO "Transaction" VALUES(31,4,8,TRUE,TO_TIMESTAMP(1756672282948/1000.0),TO_TIMESTAMP(1759264282948/1000.0),0,NULL,NULL,TO_TIMESTAMP(1756672286922/1000.0));
INSERT INTO "Transaction" VALUES(32,4,8,TRUE,TO_TIMESTAMP(1756672323310/1000.0),TO_TIMESTAMP(1759264323310/1000.0),0,NULL,NULL,TO_TIMESTAMP(1756672352112/1000.0));
INSERT INTO "Transaction" VALUES(33,4,3,TRUE,TO_TIMESTAMP(1756672338255/1000.0),TO_TIMESTAMP(1759264338255/1000.0),0,NULL,NULL,TO_TIMESTAMP(1756672350102/1000.0));
INSERT INTO "Transaction" VALUES(34,4,8,TRUE,TO_TIMESTAMP(1756672355555/1000.0),TO_TIMESTAMP(1759264355555/1000.0),0,NULL,NULL,TO_TIMESTAMP(1756672364635/1000.0));
INSERT INTO "Transaction" VALUES(35,4,8,TRUE,TO_TIMESTAMP(1756672367336/1000.0),TO_TIMESTAMP(1759264367336/1000.0),0,NULL,NULL,TO_TIMESTAMP(1756672368806/1000.0));
INSERT INTO "Transaction" VALUES(36,4,3,TRUE,TO_TIMESTAMP(1756672370117/1000.0),TO_TIMESTAMP(1759264370117/1000.0),0,NULL,NULL,TO_TIMESTAMP(1756672371868/1000.0));
INSERT INTO "Transaction" VALUES(37,4,3,TRUE,TO_TIMESTAMP(1756672924562/1000.0),TO_TIMESTAMP(1759264924562/1000.0),0,NULL,NULL,TO_TIMESTAMP(1756672927707/1000.0));
INSERT INTO "Transaction" VALUES(38,4,3,TRUE,TO_TIMESTAMP(1756673997964/1000.0),TO_TIMESTAMP(1759265997964/1000.0),0,NULL,NULL,TO_TIMESTAMP(1756674029271/1000.0));
INSERT INTO "Transaction" VALUES(39,4,8,TRUE,TO_TIMESTAMP(1756674012727/1000.0),TO_TIMESTAMP(1759266012727/1000.0),0,NULL,NULL,TO_TIMESTAMP(1756674021846/1000.0));
INSERT INTO "Transaction" VALUES(40,4,3,FALSE,TO_TIMESTAMP(1756674036759/1000.0),TO_TIMESTAMP(1759266036759/1000.0),0,NULL,NULL,NULL);
INSERT INTO "Transaction" VALUES(41,4,4,FALSE,TO_TIMESTAMP(1756674287842/1000.0),TO_TIMESTAMP(1759266287841/1000.0),0,NULL,NULL,NULL);
INSERT INTO "Transaction" VALUES(42,3,2,FALSE,TO_TIMESTAMP(1756674319458/1000.0),TO_TIMESTAMP(1759266319457/1000.0),0,NULL,NULL,NULL);
INSERT INTO "Transaction" VALUES(43,3,8,FALSE,TO_TIMESTAMP(1756674702585/1000.0),TO_TIMESTAMP(1759266702584/1000.0),0,NULL,NULL,NULL);
INSERT INTO "Transaction" VALUES(47,11,7,FALSE,TO_TIMESTAMP(1756726302859/1000.0),TO_TIMESTAMP(1759318302858/1000.0),0,NULL,NULL,NULL);
INSERT INTO "Transaction" VALUES(48,11,6,TRUE,TO_TIMESTAMP(1756726678151/1000.0),TO_TIMESTAMP(1759318678149/1000.0),0,NULL,NULL,TO_TIMESTAMP(1756726823941/1000.0));
INSERT INTO "Transaction" VALUES(49,11,8,TRUE,TO_TIMESTAMP(1756726845544/1000.0),TO_TIMESTAMP(1759318845543/1000.0),0,NULL,NULL,TO_TIMESTAMP(1756727140028/1000.0));
INSERT INTO "Transaction" VALUES(50,11,8,FALSE,TO_TIMESTAMP(1756727167775/1000.0),TO_TIMESTAMP(1759319167774/1000.0),0,NULL,NULL,NULL);

-- Removed sqlite_sequence (not needed in PostgreSQL)
CREATE UNIQUE INDEX "User_email_key" ON "User"("email");
COMMIT;
